Iteration,Base Model,Base Model,Tuned Model,Tuned Model
Accuracy,Train,Valid,Train,Valid
GaussianNB,0.8628205128205129,0.8623188405797102,0.0,0.0
SVC,0.9179487179487179,0.8695652173913043,0.0,0.0
KNN,0.9,0.8840579710144928,0.0,0.0
Decision Trees,1.0,0.7898550724637681,0.0,0.0
Random Forest,1.0,0.8695652173913043,0.0,0.0
Gradient Boosting,0.9461538461538461,0.8695652173913043,0.0,0.0
MLP Classifier,0.9461538461538461,0.8695652173913043,0.0,0.0
